<?xml version="1.0" encoding="UTF-8" standalone="yes"?>
<addons>
<addon id="plugin.video.BrazucaPlay.Matrix" name="[B][COLOR white]BRAZUCA PLAY[/COLOR][/B]" version="2.1.4" provider-name="[B][COLOR white]Brazuca Play[/COLOR][/B]">
<requires>
<import addon="script.module.six"/>
<import addon="script.module.kodi-six"/>
<import addon="script.module.requests"/>
<import addon="script.module.simplejson"/>
<import addon="script.module.beautifulsoup4"/>
<import addon="script.module.resolveurl" optional="true"/>
<import addon="script.module.jsbeautifier" optional="true"/>
<import addon="inputstream.ffmpegdirect" optional="true"/>
<import addon="script.module.inputstreamhelper" optional="true"/>
</requires>
<extension point="xbmc.python.pluginsource" library="default.py">
<provides>video</provides>
</extension>
<extension point="xbmc.addon.repository" name="[B][COLOR white]Brazuca Play [COLOR blue]Repo[/COLOR][/COLOR][/B]">
<dir minversion="16.0.0" maxversion="18.9.0">
<info compressed="false">https://raw.githubusercontent.com/skyrisk/brazucaplay/master/addons/repo/addons.xml</info>
<checksum>https://raw.githubusercontent.com/skyrisk/brazucaplay/master/addons/repo/addons.xml.md5</checksum>
<datadir zip="true">https://raw.githubusercontent.com/skyrisk/brazucaplay/master/addons/repo/Plugins/</datadir>
<hashes>false</hashes>
</dir>
<dir minversion="18.9.1">
<info compressed="false">https://raw.githubusercontent.com/skyrisk/brazucaplay/master/addons/repo/addons_matrix.xml</info>
<checksum>https://raw.githubusercontent.com/skyrisk/brazucaplay/master/addons/repo/addons_matrix.xml.md5</checksum>
<datadir zip="true">https://raw.githubusercontent.com/skyrisk/brazucaplay/master/addons/repo/Plugins/</datadir>
<hashes>false</hashes>
</dir>
<dir>
<info compressed="false">https://raw.githubusercontent.com/Gujal00/smrzips/master/addons.xml</info>
<checksum>https://raw.githubusercontent.com/Gujal00/smrzips/master/addons.xml.md5</checksum>
<datadir zip="true">https://raw.githubusercontent.com/Gujal00/smrzips/master/zips/</datadir>
</dir>
</extension>
<extension point="xbmc.addon.metadata">
<summary>[B][COLOR white]TV, Filmes, Séries, Desenhos e Animes.[/COLOR]</summary>
<description>[B][COLOR blue]●[/COLOR] [COLOR white]Brazuca Play é apenas um AGREGADOR de links e, assim como o Google.com, apenas agrega e organiza os links externos. Não somos responsáveis pelos arquivos aqui encontrados.[/COLOR][/B][CR][B][COLOR firebrick]●[/COLOR] [COLOR white]Proibido a venda dos add-ons do Brazuca Play.[/COLOR][/B][CR][B][COLOR firebrick]●[/COLOR] [COLOR white]Não vendemos IPTV, caso ache sites ou mesmo apps é falso.[/COLOR][/B]</description>
<disclaimer>[B][COLOR white]OBRIGADO POR USAR NOSSO ADD-ON [COLOR gold]S2[/COLOR][/COLOR][/B]</disclaimer>
<news>[B][COLOR gold]v2.1.4 - KODI 16 >[/COLOR][/B]</news>
<platform>all</platform>
<reuselanguageinvoker>true</reuselanguageinvoker>
<assets>
<icon>icon.png</icon>
<fanart>fanart.jpg</fanart>
<screenshot>resources/home.jpg</screenshot>
<screenshot>resources/movies.jpg</screenshot>
<screenshot>resources/series.jpg</screenshot>
</assets>
</extension>
</addon>
<addon id="repository.BrazucaPlay" name="[B][COLOR white]Brazuca Play [COLOR blue]Repo[/COLOR][/COLOR][/B]" version="1.5" provider-name="Brazuca Play">
<requires>
<import addon="xbmc.addon" version="12.0.0"/>
</requires>
<extension point="xbmc.addon.repository" name="Brazuca Play Repository">
<dir minversion="16.0.0" maxversion="18.9.0">
<info compressed="false">https://raw.githubusercontent.com/skyrisk/brazucaplay/master/addons/repo/addons.xml</info>
<checksum>https://raw.githubusercontent.com/skyrisk/brazucaplay/master/addons/repo/addons.xml.md5</checksum>
<datadir zip="true">https://raw.githubusercontent.com/skyrisk/brazucaplay/master/addons/repo/Plugins/</datadir>
<hashes>false</hashes>
</dir>
<dir minversion="18.9.1">
<info compressed="false">https://raw.githubusercontent.com/skyrisk/brazucaplay/master/addons/repo/addons_matrix.xml</info>
<checksum>https://raw.githubusercontent.com/skyrisk/brazucaplay/master/addons/repo/addons_matrix.xml.md5</checksum>
<datadir zip="true">https://raw.githubusercontent.com/skyrisk/brazucaplay/master/addons/repo/Plugins/</datadir>
<hashes>false</hashes>
</dir>
<dir>
<info compressed="false">https://raw.githubusercontent.com/Gujal00/smrzips/master/addons.xml</info>
<checksum>https://raw.githubusercontent.com/Gujal00/smrzips/master/addons.xml.md5</checksum>
<datadir zip="true">https://raw.githubusercontent.com/Gujal00/smrzips/master/zips/</datadir>
</dir>
</extension>
<extension point="xbmc.addon.metadata">
<summary lang="pt_br"></summary>
<description lang="pt_br"></description>
<platform>all</platform>
<assets>
<icon>icon.png</icon>
<fanart>fanart.jpg</fanart>
<screenshot>resources/home.jpg</screenshot>
<screenshot>resources/movies.jpg</screenshot>
<screenshot>resources/series.jpg</screenshot>
</assets>
<news>
[COLOR blue]●[/COLOR] v1.5 - ADD RESOLVEURL.
[COLOR blue]●[/COLOR] v1.4 - KODI 19 MATRIX.
[COLOR blue]●[/COLOR] v1.3 - CORREÇÕES DE BUGS.
[COLOR blue]●[/COLOR] v1.2 - UPDATES CORRIGIDOS.
[COLOR blue]●[/COLOR] v1.1 - PEQUENAS CORREÇÕES.
[COLOR blue]●[/COLOR] v1.0 - VERSÃO INICIAL.
</news>
<summary>Repositório Brazuca Play</summary>
<description>
[B][COLOR blue]●[/COLOR] [COLOR white]Repositório oficial do Brazuca Play - 2021[/COLOR][/B]
[B][COLOR firebrick]●[/COLOR] [COLOR white]Proibido a venda dos add-ons do Brazuca Play.[/COLOR][/B]
[B][COLOR firebrick]●[/COLOR] [COLOR white]Não vendemos IPTV, caso ache sites ou mesmo apps é falso.[/COLOR][/B]
</description>
<disclaimer>[B][COLOR white]Brazuca Play é apenas um AGREGADOR de links e, assim como o Google.com, apenas agrega e organiza os links externos. Não somos responsáveis pelos arquivos aqui encontrados.[/COLOR][/B]</disclaimer>
</extension>
</addon>
</addons>